"Amba SAFSP-33 Free Standing Plug-In Towel Warmer, Polished",Heats quickly Made of 18/8 stainless steel Built in on/off switch Ten crossbars allow optimal drying Horizontal and vertical bars are heated,100
AnyTone AT-D878UV Plus D878UV D868UV D858 Battery Pack 7.4V 3100mAh with Belt Clip,Original AnyTone 3100mAh Li-ion Battery with Belt Clip for AnyTone AT-D878UV Plus D878UV D868UV D858 BTECH DMR-6X2 radio. Original AnyTone 3100mAh Li-ion Battery with Belt Clip for AnyTone AT-D878UV Plus D878UV D868UV D858 BTECH DMR-6X2 radio.,20
"Whitmor, Espresso Deluxe 6 Organizer with 3 Fabric Cubes","Great for quick organization and storage, this 6 cube organizer with 3 fabric cubes is the perfect small space storage solution eatures 6 cubes with 3 additional fabric cubes for organization and display of a variety of household items Wall mount accessory included Assembled dimensions: 15 L x 32.5 W x 37 H inches Constructed of laminated particleboard for stability and durability Easy assembly, Phillip's screwdriver needed For over 70 years, Whitmor has been bringing organization home. If you have questions or problems, please contact us for immediate assistance",20
"Lori Mitchell 33164 Little Lost Lamb Figurine 5.5""","Lori Mitchell 33164 Little Lost Lamb Figurine 5.5"" Poly Resin 5.5"" Tall",10
"Madison Bay Co Double Clear Ribbed Inkwells with Wood and Brass Stand, Vintage R","Madison Bay Co Double Clear Ribbed Inkwells with Wood and Brass Stand, Vintage R.",30
ClimaTek Refrigerator Door Bin Shelf for Kenmore 2187172K,"This is a Brand New Aftermarket Refrigerator Door Bin Shelf This is a Brand New Aftermarket Refrigerator Door Bin Shelf This is a top quality white replacement refrigerator door bin. It attaches to the back of the door. Approx. 16.625"" W x 7"" D x 3.875"" H",25
SmithOutlet 25 Pack Over The Head Low Cost Headphones in Bulk,"Pack of 25 Headphones; Each Headphone Individually Packaged and Sealed Extra Soft Leatherette Ear Cushions; Ear Cushions Can Be Wiped Clean Cord Length 4.5 Feet; Single Cord for Both Ears for Tangle-Free Use Stereo 3.5 MM Plug Works with iPods, iPhones, iPads, Smartphones, Chromebooks, Tablets, Laptops, Computers, Fitness and Audio Equipment Great for Students, Schools, Hospitals, Hotels, Musuems, Gyms, Dentists, Libraries and more",40
Kodak Ektar 100 135-36 (Pack of 3),Kodak Ektar 100 135-36 (Pack of 3) World's finest grain color negative film Extraordinary enlargement capability from a 35mm negative. Ultra-vivid color and optimized sharpness. Distinct edges and fine detail. Incorporates entertainment imaging's KODAK vision film technology. Micro-structure optimized t-grain emulsions.,30
"Kohler Prolific Large Bamboo Cutting Board, 21 in. L x 15.875 in. W",K-23680 | Prolific Large Bamboo Cutting Board | KOHLER Fits securely on K-23650-NA (covers the entire sink) or K-23652-NA (covers half the sink). May also be used with the K-23651-NA and K-5540-NA Prolific kitchen sinks. Countertop height creates a truly comfortable work surface for easy food prepping.,60
"KC Republic Phone Brush Cleaning Kit with Mini Soft Round Cotton and Felt Tip Brushes, Clean Phone, Water Wet Phones, Dry Phones, Tablet, Laptop, or Computer, 3 Different Size Heads, (25 pieces)","Mini Tip Brushes For Cleaning Small Hard To Reach Places and Water Out of Phones Easily Remove Dirt, Sand, Water, or Debris From Small Crevices Felt Tip Attracts Water from Wet phone and Can Be Wet To Clean Out Dirt or Debris Cotton Round Tips For Soft Clean Touch On Camera Phone, Tablet, or Laptop Lenses Note: Brushes are Disposable",15
"Atlas Homewares 4010-BRN 2-Inch Wine Glass Knob, Brushed Nickel","From the Manufacturer Wet Bar - It is always 5pm somewhere For Other Mini-Bar Knobs in this Finish and Collection See Items 4009-BRN, 4011-BRN & 4012-BRN Width: 1.5-Inch Projection: 1.5-Inch",15
"Precious Moments ""My Gift for Him Figurine","With a message of peace and goodwill, this little drummer boy is a perfect addition to the Precious Moments standard size nativity. Porcelain bisque figurine 4.5"" high. Ornament Drummer Boy playing his drum standard size Each Piece Is Porcelain Bisque; Hand Sculpted and Hand Painted Infused with honest emotion it shares a message that speaks straight to the heart Indoor Use Only; Should Be Dusted Occasionally Packaged in a box made from recycled materials",40
Flora-cal Products Fake Red Wine Set Fake Drinks,"Fake Red Wine Set Fake Drinks Artificial Red wine bottle, glass and grape set. The fake liquid is solid. Artificial Red Wine Display Food Prop Decoration Bottle Size: 3"" X 12""H Wine Glass Size: 3-1/4""D x 6""H Made in America",20
HTC Desire 610 (AT&T Go Phone) No Annual Contract,"• WARNING: This product contains a chemical known to the State of California to cause cancer, birth defects or other reproductive harm. This refurbished product is tested and certified to look and work like new. The refurbishing process includes functionality testing, basic cleaning, inspection, and repackaging. The product ships with all relevant accessories, and may arrive in a generic box",300
GARDENGREETERS Lighthouse Guiding Light Black and White Solar LED Outdoor Lighthouse Statue f,"Made of polyresin. Approximate size: 8""Dia x 20.5""H. Good for indoor/outdoor. Light will automatically light up at dark/night. Made of resin Approximate size: 8"" Dia x 20.5""H Good for indoor/outdoor",200
Incipio HTC Inspire 4G Feather Ultralight Hard Shell Case - 1 Pack - Case - Retail Packaging - Black,"The feather is an ultra light weight hard shell case for the HTC Incredible, made of a durable and rigid polycarbonate material. A fan favorite case, the feather is loved for its slim, sleek, and sexy look. Less than 1mm thin - Ultra light, ultra strong polymer Form-fitting case that offers low-profile protection Provides full access to all ports and buttons",25
Dm/Tnc Tamper,Vita-Mix 000760 Tamper. This is a genuine OEM (Original Equipment Manufacturer) part. Use genuine OEM parts for safety reliability and performance,15
Skuttle 000-0814-008 Transformer 24 VAC 10VA,"Transformer 24 VAC 10VA Country Of Origin: United States Model Number: 000-0814-008 Item Package Dimensions: 1.0"" L x 1.0"" W x 1.0"" H Item Package Weight: 1.0 lb",50
Desiderata 24x20 Framed Art Print,Desiderata 24x20 Framed Art Print High quality framed art print Two inch wide black wood frame In stock and ready to frame and ship Custom packed for safe delivery Satisfaction Guaranteed,40
3-Wick Candle - Peach Bellini - 14.5 oz / 411 g,Peach Bellini flavored 3-Wick Candle best for sensational aromatherapy. Aromatherapy,30
Shakespeare 5120 8' AM/FM Stereo Antenna with 15' RG-62 cable,"Continuing the tradition, Shakespeare’s Centennial 5120 AM/FM antenna puts high-end features where high-end does the most good. When you’re far from your favorite stations, this antenna helps bring them in loud and clear, without depleting your net worth. Chrome-plated brass ferrule with standard 1in-14 thread Includes 15ft RG-62 cable and Motorola connector Suggested mount: Style 4187 or 5187 Ratchet Mount (each sold separately) Smooth, durable, high gloss finish One section",50
"Savoy House 8-4030-2-322 Octave 2-Light Bathroom Vanity Light in a Warm Brass Finish with Clear Glass (14"" W x 9"" H)","APPLICATIONS: Perfect for use in bathrooms and over vanities. Adds charm to any interior VERSATILE: LED/CFL/Incandescent compatible, holds two 60 Watt E26 Base Bulbs (Not Included) INSTALL YOUR WAY: This versatile fixture can be installed either with bulbs pointing UP or DOWN ASSEMBLED DIMENSIONS: 9"" Height, 14"" Width Safety rating: UL, CUL and",80
Media Center,"The Homestead Collection media center features a large concealed storage area behind two flat panel doors, a fixed 40"" x 14"" shelf and genuine lodge pole pine corner trim and door pulls. Hand crafted in Montana. Trim pieces are square sawn for a unique, timber frame/barn wood appearance. This item is professionally finished with premium grade stain and clear lacquer. Comes fully assembled. 20-Year limited manufacturer warranty. Handcrafted Made from dead-standing lodgepole pine Made in the US Heirloom Quality",120
RoomMates RMK11979WP Blue and Navy Crackled Stria Texture Peel and Stick Wallpaper,"Add natural dimension to the walls of any room in your home with our Crackled Stria Texture peel and stick wallpaper. Offered in beautiful tones of blue, this wallpaper will match many different decor styles. To apply, simply remove backing, smooth onto clean and flat walls and cut to fit! 1 roll - 20.5 inches wide X 16.5 feet Peel and stick to apply – no water, no paste, no mess 100% removable peel and stick wallpaper No sticky residue left behind upon removal Perfect for renters and homeowners",80
"Pack of 2 ICY Crystal Decorative Christmas Standing Deer Figures 18""","From the Icy Crystal Animal Kingdom Collection Features a long and tall standing deer with the elegance of ice sculptures Dimensions: 18""H. Material(s): acrylic Pack includes 2 of the item shown Lodge-Style Modern-Design-Style Decorative",60
Lord of the Rings Return of the King Glass Goblets Arwen the Elf,"LORD OF THE RINGS, GLASS GOBLETS COLLECTION. ""ARWEN THE ELF"" GOBLET GLASS. IT IS 6 1/2"" TALL, BY 2 3/4"" AT THE BASE. THE LID TAKES 2 AG13 (1.5V) BATTERIES. THEY ARE INCLUDED. THE LIGHT HAS A ON/OFF SWITCH, IT LIGHTS RED. IT HAS NEVER BEEN USED.COPYRIGHT 2001",80
"Basicwise 9 Cube Wooden Organizer with 5 Enclosed Doors and 4 Shelves, White","Size: 35"" W x 11. 5"" D x 36"" L 9 cube shelves provides ample storage space Magnetic closure keeps door securely shut Durable wood composition for continual use Basic design fits into any style room decor",60
Werner 300 LB Fiberglass Extension Ladder Label Kits (Pack of 6),Step ladder caution warning labels and correct ladder procedure with weight limit. Werner Ladder Safety Labels for all Type 1A 300 load capacity Extension Ladders. Contains all labels that come on a new ladder. Labels in both English and Spanish. (Pack of 6) Any size Werner 300 load capacity Fiberglass Extension Ladders.,120
Westcott Scrim Jim Cine Kit (8' x 8') Heavy Duty Frame with 3/4 Stop Diffusion and Silver/White Bounce Reflector - Includes Carry Case,Comprehensive 8'x8' Scrim Jim Cine light control kit for Filmmakers and Video Production Portable modular framework allows quick build and breakdown times. Less hassle than other Scrim systems Soften or Bounce Options provide versatility within a single kit. Can be used with both natural and artificial lighting scenarios Ideal for the Traveling Filmmaker Includes USA Backed Warranty and Lifetime Customer Support,120
Sony VHS T-120VL/WA Standard Grade VHS Tape - 5 pack,SONY T-120 5 PACK SONY T-120 6 Hours Standard Grade 5 PACK New,80
"Acme Furniture Noralie Coffee Table, Mirrored & Faux Diamonds","Want to make a bold statement, then these Noralie Coffee table is the perfect solution. With a one of a kind cross base and dazzling diamond borders, this piece is sure to stand out. Featuring a sturdy 4mm table top that can be used for display or function. The gleaming complement will reflect the perfect amount of light into any dark space. Let this innovative furniture add new style to your home. Square Table Top Mirrored Top Faux Diamonds Inlay Cross Mirrored Base",160
"Emachines E443-BZ602 Laptop LCD Screen Replacement 15.6"" WXGA HD LED",This is a compatible replacement screen for the model listed in the title.,80
Warm White Cluster 768 Strand Sting Lights,LED Twinkle Cluster 8 Function Memory Controller - Black Cable IP44 Rated 13.2' Lead 33' Total Length Non-Replaceable Bulbs UL Approved LED Twinkle Cluster 8 Function Memory Controller 33' Total Length,220
"1250mAh Battery for Barnes & Noble 005, Nook, BNRZ100, BNRV100, Nook Classic","Compatible: 4894128036135,BNRB1530, BNRZ1000, 9BS11GTFF10B3, 9875521, BNRB454261 Devices: Barnes & Noble 005, NOOK, BNRZ100, BNRV100, NOOK Classic- Certification: CE, FCC, RoHS",80
Pac Intelligent 4 CAM SWTCHR,The VS41 Intelligent 4-Camera Switcher from PAC Audio features 4 camera inputs and 1 video output for connecting to a factory or aftermarket radio with a video display. The inputs are triggered by driver behavior. The rear backup inputs are automatically activatedwhen the vehicle is shifted into reverse while side inputs are activated by prompted by the turn signals. PAC VS41 Intelligent 4-Camera Switcher,60
"Major-Q 6288t 28"" H Brushed Steel Base Crystal Ball Table Lamp with LED Light Bulb","Featuring a round chrome base with a brushed nickel finish, beautiful bubble-like crystal accents work their way up while decreasing in size until they reach the gorgeous drum-shaped linen shade. Make this table lamp the next lighting addition for your home.",90
"3dRose I Can Help You Find Your Marbles Travel Mug, 14 oz, White","14oz capacity Made of stainless steel Easy-grip handle with thumb rest Slide opening lid with slanted drinking surface Not microwave safe, hand washing is recommended",20
TEMCo Lug Crimper Tool TH0012-8 AWG - 0000 AWG(4/0) DIELESS Indent Electrical Battery Terminal Cable Wire 5 YEAR WARRANTY,"Black oxide crimp ram won't chip or flake. Dieless design adjusts quickly to the full range of terminal sizes 8 gauge though 0000 gauge (4/0). Perfect for Battery & Welder cables, Building Wiring, and more. Use with all crimp terminal lugs, including heavy cast lugs. 5 Year Warranty from an American name. NON-GENERIC",50
"Caroline's Treasures Cheetahs by Daphne Baxter Leash or Key Holder BDBA0113TH68, Triple",The tile is Made from a hardboard and is mounted to a metal rectangle The hooks hang down from the metal plate in the back and is about 2.5 in. From the base Made in the USA A hanger is attached to the metal plate and is about 1.5 in. Long Lots of room to hang up using a Screw or paneling nail,50
Metallurgica Motta Barista Kit,"Every thing you need to make perfect morning coffee drinks at home. Kit includes: (01) Motta Europa Milk Pitcher, 25.3-floz, (01) Motta Thermometer, (01) Motta Cocoa Duster, (01) 58mm Motta Aluminum Coffee Tamper Tried and backed up by the Barista Association of Italy Kit comes on a beautiful gift box Made in Italy",350
"Samsung SM-G930UZDAXAA S7 Gold Galaxy Smartphone Unlocked-32Gb, Water-resistant up to 5 Feet, US Warranty",nicks and scratches from daily use will ship it right away with tracking number.,120
HoneyWell 1 Heat Electric Thermostat 40 to 80 deg F 120/208/240/277 Volt AC,Discount price available now so order the Honeywell T410B1004 Electric Heat Thermostat via our online store affordable Honeywell products.. Economical. Replace virtually any twowire T410A or fourwire T410B line voltage wallmounted electric heating thermostat. Easy to install; 6 in. 150 mm colorcoded leads. Include longlasting Micro Switch mechanism. Rugged plastic mounting base and onepiece cover with vents.,120
White Rodgers Upgraded Furnace Control Circuit Board Replaces Trane D341396P03,This is a Brand New White Rodgers Furnace Control Board This is a Brand New White Rodgers Furnace Control Board Top Quality Replacement Board Designed to Fit Trane and American Standard Furnaces,50
"KOECKRITZ 6'x30' Black - Economy Turf/Artificial Grass Runners | 2', 3', 4' & 6' Widths x Lengths up to 100' |Light Weight Outdoor - Easy Maintenance - Just Hose Off & Dry! - 8 Colors to Choose from",,40
Disco Queens the 70s,"Thibul Nettle aka Stinga T and Michael Collard aka Big Sexy are an Adelaide/Perth based rap duo called TDB (Tha Deadly Boyz). The boys are cousins and have been performing together since 1999 beginning the duo while still in high school. Performing together for over 8 years now, TBD have massively increased their profile via notable performances along with securing airplay across the country while their videos have featured on Channel V. 110-volts, 12-amps, 1300-watts Indicator Light Adjustable Thermostat Stainless Steel Frame Non-stick Surface",60
"American Standard 0263.112.020 New Solar Soaking Bathtub with Right Hand Outlet, White, 5-Feet - 0263112.020","For those enamored with the look of enamel. The new solar bathtub is made from heavy gauge, enameled steel for attractiveness and durability. Features include a slip-resistant surface and an integral apron for a cleaner look. Above-floor rough alcove installation. Acid resisting, enameled steel construction One-piece bath End drain outlet Full slip-resistant pattern Fully-bonded support pad",300
"HVAC Motor, 1/40-1/50-1/80 HP, 115V, CCW/LE","The Fasco D128 is a 3.3"" diameter fan and blower motor rated for 1/40-1/50-1/80 HP and 1500 RPM at 115 Volts General Purpose Fan Motors HP: 1/40 RPM: 1500 Volts: 115",200
JBL Basspro SL2 - Powered under seat subwoofer system (Renewed),"125W RMS compact powered subwoofer system with Bass Boost of 0dB to +9dB @ 70Hz Dimensions (L x W x H): 13-9/16"" x 9-7/8"" x 2-13/16"" (344mm x 250mm x 71mm) Frequency Response 35Hz – 120Hz 8"" Powered Subwoofer Car audio Subwoofer",160
"Iron Valley - 1-1/8"" Dome Cabinet Knob - Pack of (10) - Solid Cast Iron","Metal & Style: Traditional & Rustic Solid Cast Iron Finish: Rust Resistant Rich Black Powder Coat Dimensions: 7/8"" Projection - 1-1/8"" Wide Mounting Hardware: Includes 1"" Mounting Screws - 8/32"" Threading Package of (10) Knobs",80
Stray Kids - Clé 1 : MIROH [Standard-Clé 1 ver.] 1CD+Photobook+3QR Photocard+Pre-Order Benefit+Folded Poster+Double Side Extra Photocards Set,,20
KitchenAid Replacement Refrigerator / Freezer Ice Maker 4317943,This is a Brand New Replacement Refrigerator Ice Maker This is a Brand New Replacement Refrigerator Ice Maker Univeral Design and Easy Installation Make this a Top Qualty Replacement Part!,60
"Steelex M1061 4 Jaw Chuck, 6-Inch",From the Manufacturer Each jaw moves independently. Such 4-Jaw Chucks are used for holding odd shaped pieces or where zero tolerance is required. This 6-Inch 4-jaw chuck with a 1-1/2-Inch bore has semi-steel bodies and hardened reversible jaws. 6-Inch 4-Jaw Independent 1-1/2-Inch Bore Plain back Reversible jaws,120
Disney Peter Pan and Tinker Bell Legacy Sketchbook Ornament - Limited Release,"Genuine, Original, Authentic Disney Store Limited Release Sculptured scenic ornament Includes Peter Pan and Tinker Bell Windowsill frames translucent London background scene",40
"C9 Led Multicolor Christmas Lights Outdoor String 66Ft 100 LED with Quick Clips Waterproof Strawberry Roof Lights, Commercial Grade Extendable for Indoor Outside Roofline Patio Home Xmas Decoration",,30
Houston International 6515 S/2 2-Piece Galvanized Container Set,"2-Piece Galvanized Container SetSize 1: 8"" D x 9.5"" HSize 2:9.25"" D x 9.510.25 Laundry container storage container Compost container",30
Department 56 Village Snow Laden Sisals (Set of 3),"On holidays, special days, or every day, collectors enjoy decorating with pieces from Department 56 mini villages. Fits well in any mini village display. Sisal collectible On holidays, special days, or every day, collectors enjoy decorating with pieces from Department 56 mini villages Fits well in any mini village display Made of sisal",40
"Dekoni Audio Ear Pads Compatible with Sony WH-1000Xm3 Noise Cancelling Headphones, Black (Choice Suede)","Compatible with the Sony WH1000Xm3 noise cancelling headphones Dekoni Choice Suede is a synthetic soft and supple for a sheen look and gentle feeling on the ears Plastic mounting ring built in for easy installation Outer ring: 101mm high, 71mm wide, 20mm deep Inner ring: 68mm high, 36mm wide",30
"XSPC TX480 Ultra Thin Radiator, 120mm x 4, Quad Fan, Black",High quality material made by XSPC The product will meet the expectations of gamers and also of computer enthusiasts who are looking for a quality product with the XSPC TX480 Ultrathin Radiator 480 mm Black Ultra Thin PC Radiator at just 20.5mm thickness 16mm Copper and Brass Core with Matte Black Paint Finish 22 FPI (fins per inch) Weight: ~792g Dimensions: 125 x 20.5 x 518mm (WxDxH) +-0.5mm,50
"SCREENARAMA New Screen Replacement for ASUS Vivobook X420U, FHD 1920x1080, IPS, Matte, LCD LED Display with Tools","MUST match resolution and connector: FHD 1920x1080 30pins Non-touch (will not work if different resolution and type) Screen size: 14.0"", Matte, IPS (Wide View), Narrow bezel Tested screen, Guaranteed compatibility Warranty: 2 years Comes with complimentary set of tools and adhesive tape for installation",50
Shaka Intekanational LLC / DLI Flush Mount Baby Breakout Board for Atomic Pi - 2.5mm Barrel Jack 5V Input,This board snaps in to the bottom of the Atomic Pi so you can use a 2.5mm barrel connector to power the Atomic Pi. A power supply capable of 5V 4A is recommended. Power supplies and the Atomic Pi itself are sold separately.,40
"Samuel""Sam"" Adams Boston Lager Sensory Pint Beer Glass 22oz Set of 4","Set of 4 XL 22 Ounce Samuel Adams Sensory Glasses. Laser etched nucleation in base, looks like a hatch mark ring and aids in propagation of beer bubbles or head. Pub Edition, White Shield logo. May have imperfections from Factory, as these are licensed for Pub/Restuarant/Bar Use.",30
Monoprice Essential Triple Monitor Articulating Arm Desk Mount (116247),"ESSENTIAL TRIPLE MONITOR ARTICULATING ARM DESK MOUNT VESA compatible: 75 x 75 to 100 x 100 Mount a three 10"" 30"" displays 22lbs max weight Mount can be swiveled 180 degrees, tilted 90 degree upward or downward, and rotated 360 degrees Quick release Lever on the back of the mount allows you to raise or lower the display at will",80
"Acmee Non-Blinking LED Balloon Light, LED Party Lights,LED Paper Lantern Light, LED Mini Light for Party or Wedding Decoration (Green, Pack of 12)","Suitable for paper lanterns, florals,balloons, water proof Turn LED on and off by twisting the base With a hook a bottom, you can thread and hang them easily Batteries: 3 x 1.5V LR41 in each led, 8 hours+ (yes, batteries are included) Waterproof, bright lights",35
Franklin Electric FPS 1/2 hp 20 gpm Effluent Septic Pump,"Stainless steel or thermoplastic discharge and motor bracket are tough and non-corrosive. Both materials are highly resistant to damage by minerals, metals, and other substances typically found in water 1/2 hp 20 gpm Effluent Septic Pump",310
dreamGEAR Wired Headset for Xbox 360 (Ghost Camo),"Enhance your gaming experience with the Dream GEAR wired headset for Xbox 360. The wired headset is the perfect way to play your favorite Xbox 360 games. Get immersed in the game with crisp and clear audio. Microphone with boom delivers great communication. The wired headset has built in volume/mute controls. Wired headset for Xbox 360 plugs directly into your controller Works on left or right ear Volume/Mute controls Microphone with flexible boom Lightweight for the ""barely there"" feel",90
Bose Wave AM/FM Clock Radio - Model AWR1G1 - Graphite,"Color:Graphite Gray | Style:Wave Music System Great AM/FM reception no questions asked returns AUX input and output connectors Great sound , Deep Bass and Clear highs",100
Personalized Fathers Day Mug Dad of 4 Add Children's Names Custom Mug 11oz Ceramic Coffee Mug Blue,"Let your dad know how much you appreciate him with a sentimental ceramic coffee mug that make excellent dad gifts from daughter, Father's Day gifts for dad, a dad birthday gift, and much more. Size: This 11 ounce white ceramic coffee mug also makes a great tea cup with its large, easy to grip C-handle This custom gift is made to your exact specifications. Design: The premium full color sublimation imprint creates a vibrant, long lasting, and lead-free design Care: Microwave and dishwasher safe for your convenience",12
"SCREENARAMA New Screen Replacement for NV140FHM-N41 V8.0, FHD 1920x1080, IPS, Matte, LCD LED Display with Tools","Tested screen, Guaranteed compatibility Warranty: 2 years Resolution: FHD 1920x1080 (Must be the same as your screen) Connector: 30 pin (Must be the same as your screen) Screen size: 14.0"", Matte, IPS (Wide View)",60
"GEARWRENCH 10 Pc. 3/8"" & 1/2"" Drive Hex Bit Socket Set, SAE - 80579","Product Description 10PC 3/8""& 1/2""DR SAE HEX BIT, Made in: Taiwan, Dimensions: 1 X 4.3 X 12.2. Weight: 1.805 From the Manufacturer GearWrench Bit Sockets. Patented bit holding principle: Internal dimple feature, forces bit surface to the opposite side for maximum retention Heat treated socket bases for durability and serviceability Chrome Sockets Large hard stamped identifications Slide socket rail",40
"Whirlpool 2186443 Filter Housing for Refrigerator, 1 Count (Pack of 1)","Works with the following models: Whirlpool 3KES0FHGNS00, Whirlpool 3XART745GW00 Whirlpool 3XART745GW01, Whirlpool 3XART745GW02 Whirlpool 3XED5SHGKS00 Whirlpool 3XED5SHGKS01 Genuine Whirlpool Replacement Part",80
"Cute Seat Cushion, Cat Paw Shape Lazy Sofa Office Seat Cushion, Bear's Paw Office Chair Cushion, Plush Sofa Cushion Soft and Comfortable Cushion Home Bedroom Shop Restaurant Decoration",,30
Danson Pelpro 2RPM Synchronous Auger Feed Motor SRV7000-670 OEM,"Fits Models: ~ PHC90 Cast ~ PP60 ~ PP60-RF ~ PP70 ~ PP130 ~ PP130-B ~ PP130-RF ~ PPC90 ~ TSC90 Fits Models: ~ PHC90 Cast ~ PP60 ~ PP60-RF ~ PP70 ~ PP130 ~ PP130-B ~ PP130-RF ~ PPC90 ~ TSC90 120v AC, 60hz, Class B 64TYZ Synchronous Motor Hole in Shaft to Spec Specialty Wire Connection Configuration",200
"The Great American Hanger Company Wood Top Hanger, Box of 100 Space Saving 17 Inch Flat Wooden Hangers w/Espresso Finish & Brushed Chrome Swivel Hook & Notches for Shirt Jacket or Dress",Streamlined Flat Design Saves Space and Keeps Your Closet Organized 360 Degree Swivel Hook Makes Hanging Your Clothes Easy On Any Bar Made from Strong and Sturdy Hardwood Heavy duty brushed chrome hardware Precision Routed Notches to Hold Your Garments with Straps,50
"Rae Dunn SALT & PEPPER Cellar Set - 3.5"" tall - 2.5"" - ceramic - very rare!","Rae’s inspiration comes from the earth, and she finds beauty in simple shapes, natural forms and found objects. Her utilitarian approach to designing ceramics is strongly based on the Japanese aesthetic of wabi sabi; the beauty of things imperfect, impermanent, and incomplete.",60
Miller Honeywell Safety Products by 8928-Z7/18INBK Ansi Z7 D-Ring Extension with Snap,Made in Mexico Package height :4.826 cm Package length :8.128 cm Package width :20.828 cm,20
"Floating TV Stand for TVs Up to 85 inch, 70 inch Wall Mounted Haning TV Stand with LED Lights, High Glossy Floating Entertainment Centre Hanging Media Console Shelf, Modern Under TV Floating TV Shelf",,50
Extra Heavy Duty Swiss Army Military Wool Blanket Cover,"Hand Sewn White Crosses on each end 60"" x 84"" Extra Heavy Weight - Almost 6 lbs!!! Chestnut Brown - Shades of Brown my vary slightly 70% Wool Blend - Dry Clean Only",30
Supermicro AOC-LPZCR2 All In One Zero Channel Raid Card 600MHZ,"Processor: Intel 80321 600MHz I/O Processor RAID Levels: 0, 1, 5, 10 and JBOD; 50 (SAS and SATA modes) Cache Memory: 256MB onboard ECC DDR Memory Bus Type: 64-bit/100MHz PCI-X Adaptec SAS Host Controller (AIC-9410)",220
Westinghouse 1B1K2684 Main Board for VR-4090 Version 2,1B1K2684 Westinghouse Main Board For Westinghouse VR-4090 Version 2. This item is refurbished and guaranteed working. Item is offered with a NON DOA WARRANTY. For Westinghouse VR-4090 Version 2 P/N: 1B1K2684 TV Part (T.RSC8.10A 11153),110
"Swiss Madison SM-SB510E Voltaire Shower Base, 48"" x 36"", Grey",Low single threshold for easy access Acrylic and fiberglass technology reinforcement Slip-resistant surface Integral 3-sided flange helps prevent water leakage Center-Hand Drain,80
HID ThinLine II 5395CK100 Low Profile Prox Card Reader,THINLINEII BLK RDR WIEG OUT Prox Card Reader Wiegand (500 ft cable) interface Dimensions: 4.70 x 3.00 x 0.68 Inch Lifetime warranty,100
TurboTorch 0386-0575 STK-31 Torch Swirl,"A longtime industry benchmark, the Turbo Torch line of STK torches and tips now features the new Extreme Swirl technology. This torch kit has 360 degree swivel tips and easy to clean orifice screws. The torch is safe to use with air, MAPP and propane processes. It is safe to use through high capacity applications and HVAC. STK-R Pressure Regulator w/CGA-600 Connection ST-3 Extreme Tip ST-1 Tip Size Processes: Air/MAPP and Propane Industrial Applications: High Capacity applications and HVAC",90
Posh Pollen Silver Anna End & Side Table,"Base is constructed with metal, completed with a rhombus design Frame material is made of mango wood Detailed with antiqued silver foil Package Weight: 20.9 pounds",60
"Depnee Small 130ml Cool Mist Humidifier, USB Mini Ultrasonic Aroma Diffuser with Waterless Auto Shut-Off, 7 Color LED Lights for Home Office Car Travel (White Wood Grain)",,100
BRTTX3551 - Brother TX Tape Cartridge for PT-8000,"Ideal for high-production label making, with fewer re-supply situations. Perfect for indoor and outdoor use on smooth, flat surfaces. Sold as 1 Each. Ideal for high-production label making, with fewer re-supply situations. Perfect for indoor and outdoor use on smooth, flat surfaces. Tape measurements are approximate. Brother label machine tape for P-Touch PC and PT-8000 models.",30
Whirlpool WP2156022 Trivet RC Shelf Large,"This is a genuine replacement part. The model number and name for the following item is: Whirlpool 2156022 Trivet RC Shelf, Large This is an O.E.M authorized part Fits various whirlpool models O.E.M part number 2156022 This is a Whirlpool replacement part Part Number 2156022",80
"AKRacing Footstool with PU Leather, Height Adjustable with Wheels, Ottoman Foot Rest for Office and Gaming Chairs - PC; Mac; Linux, Black, (AK-Stool-BK)",Do you want to lay back and Just relax in your chair from time to time? Then the footstool from AKRacing is just the product you need. Durable PU leather upholstery and high-density cold-curved foam padding for maximum comfort Sleek design is compatible with all Office and Gaming chairs Adjustable height so you can get it just the way you want 360 Degree swivel Lockable wheels so the footstool stays in place,50
Mr. Beer Premium Edition Beer Kit,"The best starting point for a beginning brewer, this Brew Kit comes with everything needed to brew and bottle your first batch of top-quality beer. Reuse this kit again and again with Refill Brew Packs so you're sure to find the right brew for you. 1 fermenter with lid & tap assembly 1 Standard BoosterTM Refill 8 Reusable Plastic 1-Liter Bottles w/ Caps 8 Labels with MR.BEER Logo 1 Brewing with MR.BEER -- Brewer's Guide(dvd)",200
"Craig Frames Sonora, Aged Copper and Black Picture Frame, 10 by 11-Inch","Contemporary style; distressed copper and black with smooth wrap finish Frame includes: glass, rigid black backing and pre-attached stamped hanging hardware Frame holds a 10 inch by 11 inch photo/print/poster (viewable area reduced by .25"" on each side, due to frame lip) Frame moulding is 3.015 inches wide; MDF wood composite ; wrap finish Frame is designed for WALL HANGING only (hanging hardware allows for portrait or landscape orientation)",20
"Jackpot Candles Caramel Coffee Latte Candle with Ring Inside (Surprise Jewelry Valued at $15 to $5,000) Ring Size 9","100 percent premium natural soy candle with organic cotton double wicks Made in the USA 15 ounce jar; 12 ounce candle with double wick for a cleaner burn Jewelry item hidden in each candle valued between 15 and 5,000 dollars",30
"SODIKA Kitchen Mats Set Anti Fatigue Cushioned Kitchen Rugs and Mats Non Slip Comfort Standing Kitchen Floor Runner Rug Beautiful Beach Seascape Starfish and Conch (18""x30""+18""x59"")",,20
"HolySpring Ice Maker Machine Countertop, Portable Ice Makers with Ice Bags and Standing Ice Scoop Basket, Countertop Ice Maker 2.1L w/Self Cleaning, 9 Bullet Cubes Ready in 5-7Mins, 26.5lbs in 24 hrs",,110
"Creative Co-Op Decorative Bamboo Blanket Ladder, 60.25"", Natural","Add this functional yet decorative ladder to any living space for a rustic feel. The 60 inch tall white wood ladder is great for hanging blankets and throws or simply display by itself for a decorative touch. Place in a bedroom or living room for a statement piece. In the bathroom, this ladder can be used as a unique towel rack. Bamboo Hang blankets for a decorative touch In the bathroom, hang towels on this bamboo ladder Place against any wall for added dimension to the room décor 16""L x 1. 25""W x 60. 25""H",60
Hypertherm 420144 HyAccess Cutting Nozzle,"Access extended Cutting Nozzle for Powermax30, Powermax30 XP and Powermax45 plasma systems. ""Cut with Confidence."". Unique patented design for cutting in hard to reach or confined places Access provides improved visibility and accessibility for challenging cutting applications Operates at 15 - 45 A",80
Liberty Tabletop Celtic 65pc Flatware Set Service for 12 Silverware Made in USA,Finest Quality 18/10 Stainless Steel 100% Made in USA Forged Knife with Serrated Blade 25 Year Manufacturers Warranty Stunning Mirror Finish,55
GM Genuine Parts 96673600 Rear Side Door Lower Radio Speaker,"Restore the sound quality of your audio system GM-recommended replacement part for your GM vehicle’s original factory speaker Offering the quality, reliability, and durability of GM OE Manufactured to GM OE specification for fit, form, and function",40
CS OSBORNE 773-HRP HOG RING PLIER,Hardened and tempered. Forged steel. Vinyl handles. Works with our new 773-K millimeter hog rings. Ideal for closing around a smaller area. Can be used on bungee cord. CS OSBORNE 773-HRP HOG RING PLIER,50
"Mundial Y5627-10E 10-Inch Slicing Serrated Edge Utility Knife, Yellow","Mundial 5600 series slicing knife, 10 in. High carbon stainless steel serrated blade, used for slicing meats. The yellow polypropylene handle is ergonomically designed to provide a secure non-slip grip. Lifetime limited warranty.",40
"Star Projector, Galaxy Projector, Night Light Projector with Bluetooth Music Speaker & Remote Control, Ocean Wave Star Light Projector for Baby Bedroom, Home Theatre, Party, Birthday Gifts",,45
"24x36 Black & White Double Picture Mats with White Core, for 20x30 Pictures","These are high quality 4 ply picture mats cut for the picture size referenced in the title. All openings are reduced by 1/2"" to overlap the picture. All of our matting is bevel cut and has a white core. All openings are reduced by 1/2"" to overlap the picture size referenced in the listing. All of our matting is bevel cut and has a white core. This listing is for picture matting only Made from 4 ply high quality matboard",30
Forest Hill Scraper King Flooring Scraper witn Hardened and Tempered Spring Steel 5 x 7-inch Blade and Lightweight Long Firerglass Handle,"Long Lightweight Fiberglass Handle with a smooth veil finish, overall length is 58-inches. Blade size: 5-inch High x 7-inches Wide, Weight 3 pounds. Hardened and Tempered Spring Steel Scraper with the unique Forest Hill Rib design for rigidity. Extra Hard & Springy material for a superior scraping job. Multi-purpose use from floor debris and laminate to Ice and Snow. Heavy-duty Commercial Grade Construction, Made in the USA",40
Armytek Wizard C2 Pro Max XHP70.2 Warm Light LED Headlamp 3720 Lumens,"✅ BRIGHTNESS New generation electronics provides impressive light output of 3720 lumens ✅ WIDE FLOOD LIGHT of the flashlight is optimal both for operating at a close distance and for highlighting large spaces. ✅ WIDE BEAM 110°:150° flood light is convenient for service and industrial works, as well as for active leisure and day-to-day tasks. ✅ FAST MAGNETIC USB CHARGER Charges the flashlight in just 5 hours 20 minutes.",120
"The Endless Summer 15x18 Framed Art Print by Van Hamersveld, John","The Endless Summer 15x18 Framed Art Print by Van Hamersveld, John High quality framed art print Two inch wide black wood frame In stock and ready to frame and ship Custom packed for safe delivery Satisfaction Guaranteed",10
760G/SB710 AM3 MAX-8GB DDR2 Uatx PCIE16 Pcie 2PCI Gbe,Motherboard - M4A78L-M - Vivid Onboard DX10 Graphics and Real-time Overclocking Performance Item Package Dimension: 10.899999988882L x 10.399999989392W x 2.099999997858H inches Item Package Weight - 2.3 Pounds Item Package Quantity - 1 Product Type - MOTHERBOARD,120
"HP Laptop 14 inch HD Screen, Intel Celeron N4020 Processor, 4GB DDR4 Memory, 64GB eMMC, Webcam Bluetooth,1-Year Microsoft 365, Online Class/Online Meeting, Windows 10 Home S, iMei 64GB Micro SD Card","Experience the most secure Windows ever built with fast boot times, increased responsiveness, and added protection against phishing and malware. Intel Celeron N4020 1.1GHz 4GB 64GB SSD Intel UHD Graphics 600 1366 x 768 (HD) HP True Vision HD Camera Dual array microphones",400
"BIA CORDON BLUE Bottle Vinegar White, 1 EA",Grace your kitchen with the simple elegance of this Vinegar Bottle. Dimensions: Measures 2.25' wide by 2.25' long by 11' tall/deep Material: 100% Porcelain Additional Features: Microwave-Safe Made of durable porcelain with a chip-resistant glaze for years of service Features leak-proof stopper and spout caps to keep vinegar fresh,30
"Fotodiox Chromakey Green and Blue Jacket Cover, fits 40x60 5-in-1 Oval Reflector Pro Collapsible Disc Kit Collapsible","This cover can be used with 40x60"" 5-in-1 collapsible reflector, to provide additional application as chromakey backgrounds. Provides additional application as chromakey backgrounds. Good for studio use Bright",40
Picard Hammer - Blacksmiths' Hammer (0000811-1500),"Crafted with the user in mind using high quality materials and world class craftsmanship, quality assured and made to withstand even the toughest jobs. Designed with the user in mind and fit to match the needs in the shop, at home or in the field - Proven and Tested for durabilty and function in real world conditions. Hardened face and cross peen Hickory handle Item Package Dimension: 8.0"" L x 8.0"" W x 20.0"" H Item Package Weight: 26.0 lb Made In Germany",40
"NATIONAL MFG/SPECTRUM BRANDS HHI N351-015 Spring Hinge, 4-Inch, Oil Bronze","V522, 4"", oil rubbed bronze e spring adjustable door hinge, manufactured with cold rolled steel, closing speed is adjustable, fits standard hinge cutout, tension is adjustable, 5/8 "" radius round corners, hinge is UL approved for fire doors, visual pac. The product is 4 inch Oil Bronze spring hinge Closing speed is adjustable The product is manufactured in china Model number: N351-015",20
"Fully Adjustable - TV Wall Mount Bracket for Panasonic TC-L37X1 37"" Inch LCD HDTV Television","High quality Adjustable Tilt & Swivel Tv Wall Mount Bracket. Sturdy steel, dual arm for LCD LED and Plasma TV's Full Motion TV Wall Mount Bracket Compatible with Panasonic TC-L37X1 LED / LCD / PLASMA TV Brand new in box Installation hardware included in box",45
"M&G DuraVent 7"" DuraBlack Damper Section - 7DBK-DS","Install at, or close to, the stove outlet in-line. 5"" pipe section with the damper pre-installed. This product is manufactured by M&G DuraVent. This product is manufactured in United States. 7"" Size Highly Efficient Easy in-and-out fit Country of origin: United States",60
Intel AFBR-703SDZ-IN2 INTEL SFP SR SFP,INTEL SFP+ SR SFP DISC PROD RPLCMNT PRT SEE NOTES AFBR-703SDZ-IN2 INTEL,60
Sky High Car Audio 1/0 Cable Cutter,Make every install easier with the 1/0 Cable Cutters/Strippers from Sky High Car Audio Cuts any wire 1/0 and under OFC or CCA Strips down to 16 Gauge wire A handy tool to have laying around!,10
"Chi Mei N140bge-l43 Rev.c1 Replacement Laptop LCD Screen 14.0"" WXGA HD LED DIODE (Substitute Only. Not a)",,70
"Braun KF420-BLK Aromaster 10-Cup Coffeemaker, Black","Water-dispersal system provides fast, uniform saturation of coffee, full flavor Plastic carafe's lid seals to minimize evaporation Pour a cup midbrew with convenient brew-pause feature Swing-out filter basket; flip-top water-tank lid Measures 12 by 6 by 11 inches",100
Noritake Rochelle Gold 5-Piece Place Setting,"Since 1904, Noritake has been bringing beauty and quality to dinner tables around the world. Superior artistry and craftsmanship, attention to detail and uncompromising commitment to quality have made Noritake an international trademark during this past century. Noritake Dinnerware will set your table with the standard of perfection. Noritake Rochelle Gold 5-Piece Place Setting Bone China World Famous Noritake Quality, Value and Design. Elegant Dining Dishwasher Safe",80
NASSAU ELECTRICAL SUPPLY 50' Nassau 1/0-1/0-1/0-2 SER Aluminum Service Entrance Cable 600V,Wire Size : 1/0-1/0-1/0 AWG Bare Conductor Size AWG: 2 Conductor Material : Aluminum Cable Type : Service Entrance Cable Voltage : 600V,80
iPhone 12/12 Pro Southwestern Aztec Design Case,"Unique Aztec Southwestern Design. Another Original Design by TheGraphicRabbit that is Distressed with a Vintage Style, this Popular item makes a Perfect Gift for a Birthday or Just for something Unique! Awesome Design with Southwest Flair. South Western Art Lovers. Another Original Design by TheGraphicRabbit that is Distressed with a Vintage Style, this Popular item makes a Perfect Gift for a Birthday or Just for something Unique! Two-part protective case made from a premium scratch-resistant polycarbonate shell and shock absorbent TPU liner protects against drops Printed in the USA Easy installation",20
Plush Big Backrest Reading Rest Pillow Bed Adult Backrest Lounge Cushion Back Support for Sitting Up in Bed (Blue),"Special Feature Durable,Premium Fill Material Cotton Shape L-shape Plush",20
Intel Core 2 Duo Mobile Processor T9400 Frequency 2.53ghz 1066mhz Cache 6MB CPU Micro-FCPGA,Core 2 Duo Mobile Processor T9400 Frequency 2.53ghz 1066mhz Cache 6MB CPU Micro-FCPGA ASIN: B005MFI6S6,180
Blomus Magazine Collector,"The blomus chrome plated magazine collector provides organization for magazine storage. Keeps magazines orderly for reference or recycling. holds any magazine Material: steel chromed H 31 cm, W 34 cm, D 27 cm Easy to clean",20
Frigidaire 316465800 Range/Stove/Oven Griddle Unit,"This is a genuine replacement Part, The model number and name for the following item: Frigidaire (FRIGB) 316465800 range/stove/oven - literature. Frigidaire (FRIGB) This is a genuine replacement part Cooktop-Accessories General Specs: Item Package Quantity: 1|Shipping Weight (lbs): 12.12|Collection: Frigidaire",40
XL5100 Sony Projection TV Lamp Replacement. Lamp Assembly with Genuine Original Philips UHP Bulb Inside.,XL5100 Sony Projection TV Lamp Replacement lamp assembly with high quality original Philips UHP lamp inside.,40
"Polylok 24"" x 6"" Septic Tank Riser","This model has been replaced with part number: 3008-NG as of 2021 Accepts Polylok 24"" Riser Safety Screens Made of high density polyethylene which won’t shatter Structural ribs inside prevent frost from adhering to the riser in frost prone areas Made in the USA",80
"Meridian Furniture Isabelle Collection Modern | Contemporary Channel Tufted, Velvet Upholstered Chair with Custom Chrome Legs, Burgundy, 38.5"" W x 35.5"" D x 31"" H","Burgundy plush velvet Chrome legs Channel Tufted Modern | contemporary design Pillows included Overall dimensions: 38. 5"" W x 35. 5"" D x 31"" H",60
GIA Cute Upholstered Light Pink Armless Plush Faux Fur Fuzzy Desk Chairs No Wheels - Removable Makeup Room Vanity Chair Slipcovers - Mid Century Shaggy Dog Accent Chairs - 1Pack,"Ergonomically designed to provide support for your back while functional and comfortable for you and your guests The contemporary look adds a designer touch to any living or working space Hassle free assembly in minutes with instructions and hardware kit Chairs are 32 inches high, 18 inches deep and 18 inches wide.",80
Ridgid AC840085 (2 Pack) 18V 1.5AH Hyper Lithium-Ion Compact Battery # 130183010-2pk,Sold on Amazon,90
ZyXEL C1100Z 802.11n VDSL2 Wireless Gateway CenturyLink,"Router in box is brand new and never used. Includes all network cables, phone cable, power cable, phone filters and instruction manual. Listed as used good because box has been opened. Power cord included Phone cord included",50
Stow Green Classic Peter Rabbit Set of 6 Coasters,Peter Rabbit Classic Cork Backed Coasters Set Of 6 Peter Rabbit Classic Cork Backed Coasters Set Of 6,20
"LENOVO ThinkPad T470p 14"" FHD Laptop, Intel Core i5-7300, 8GB DDR4 RAM, 256GB SSD, Windows 10 Pro 64Bit, CAM (Renewed)","Lenovo Thinkpad T470p Laptop Lenovo ThinkPad T470p Laptop, Intel Core i5-7300, 8GB RAM, 256GB SSD. Display: 14"" screen with 1920 x 1080 resolution. Operating System: Windows 10 64 Bit – Multi-language supports English/Spanish/French. efurbished: In excellent condition, 90-days Warranty",220
Feit Electric LED Outdoor Fixture Oil Rubbed Bronze w/Frost Glass,"LED Outdoor Fixture Oil Rubbed Bronze w/Frost Glass Integrated LED Module No Bulbs Required Energy Saving LED - Improved Light Quality PATENT PENDING. Feit Electric, 12W, LED wall lantern, oil rubbed Bronze finish, Frosted glass lens, 550 lumens, 3000K color temperature LED improved light quality Adds Extra shine to your product Manufactured in China No Bulbs Needed Uses 1 Integrated LED Module Instant Full Brightness No Bulbs Needed Uses 1 Integrated LED Module Instant Full Brightness Energy Saving LED Improved Light Quality Patent Pending",100
Replacement for Heil Single (1) One Pole 40 Amp Replacement Condenser Contactor 1050839,"This is a Brand New Condenser Contactor This is a Brand New Condenser Contactor Single Pole Rated for 40 Amps, making it a Heavy Duty Contactor! 24 Volt Coil",220
"American Metalcraft 20-1/2"" x 12-1/2"" Full Size Black Rectangular Beverage Tub","This beverage tub is made of steel material. The hammered look offers a rustic yet refined appearance. It sports a sleek, textured surface and free-swinging decorative handles, sure to bring an upscale flair to any event. This tub must be hand washed. This tub can be filled with ice and drinks allowing guests to help themselves to a cold drink. Comes in full size and rectangular shape. Available in black color.",70
Frigidaire 242176503 Dispenser Tray,This is a genuine replacement part. The 242176503 number and name for the Following item is: Frigidaire 242176503 dispenser tray This is an O.E.M. Authorized part Electrolux and Frigidaire are interchangeable Name for the same brand. Item received can be in any of the two names Model number: 242176503 Brand name: FRIGIDAIRE,40
"1150MG Mechanical, Keyless Lever Lock","Digital Door Lock, 1150 Mechanical, Keyless, Heavy-Duty Lever, Deadlocking spring latch style lock in Marine Grade Mechanical, keyless push-button lock adjustable latch Easy programmable code Lifetime Warranty Changeable Handing",50
"Samsung Galaxy Note 4, Frosted White 32GB (Sprint)",Samsung Galaxy Note 4 SM-N910P - 32GB - White (Sprint) Smartphone 100% functional item backed by Cellular Professor's 60-day warranty Network: Sprint Storage: 32GB Sim Size: Micro Color: White,99
"ArtWall Mark Adlington 'Wolf' Unwrapped Flat Canvas Artwork, 18 by 22-Inch","Mark Adlington 'Wolf' unwrapped canvas is a high-quality canvas print capturing the quiet yet powerful wild gaze of a intriguing wolf . This enticing imagery makes for a commanding addition to any room. Artist: Mark Adlington Title: Wolf Style: Contemporary, Subject: Animals Dimensions: 14x18 image with 2 inch accent border 100% Made in the USA; Premium Printed Reproduction on Premium Professional grade Canvas",14
"GE Lighting 31887 LED Reveal Globe Light Bulbs, G25, Frosted Pure White, 290 Lumens, 4.5-Watts, 2-Pk. - Quantity 1","GE Lighting 31887 LED Reveal Globe Light Bulbs, G25, Frosted Pure White, 290 Lumens, 4.5-Watts, 2-Pk. - Quantity 1",30
Fiesta Party Supplies-12 Mini Sombreros and 12 Mini Maracas for Fiesta Bunco Party,Hand Wash Only 12 Small Maracas with Seeds that Rattle Mini Sombreros with String Bottle topper sized sombreros Addorable Decor for any Fiesta Party! Awsome Party Favors for your Guests,15
"3D Rose Letter C Monogrammed Black and White Zebra Stripes Animal Print with Hot Pink Personalized Initial Towel, 15"" x 22"", Multicolor","Machine washable, do not bleach 15 x 22 inches Made of 63Percent polyester (Microfiber)/37Percent Cotton (velour terry cloth) Image printed on Microfiber side/terry cloth side blank",10
"Rockville REC97 Dual 12"" Ported SUV Subwoofer Sub Box Enclosure - Behind 3rd Row","RockvilIe REC97 Dual 12"" Ported SUV Subwoofer Enclosure - Behind 3rd Row Fits Behind 3rd Row, Downfire. For Tahoe/Denali SUVs. Finished with Durable Bed Liner. 3/4"" MDF Air Space: 1.25 Cubic Feet (per sub). Mounting Depth: 9"" Product Dimensions (H x W x D): 13.5"" x 42.25"" x 16.25"" inches",40
(Set of 12) Microwave Food Storage Tray Containers - 3 Section / Compartment (Set of 12),(Set of 12) Microwave Food Storage Tray Containers - 3 Section / Compartment (Set of 12),25
"Eurofase 22558 9-Inch LED Picture Light, Oil Rubbed Bronze","Ultra slim, low profile picture light. 6 foot cord and plug with in-line switch. Included mounting clips can be secured to the wall or to the picture frame. Unique lamping configuration eliminates the need for a transformer. 6 foot cord and plug with in-line switch Included mounting clips can be secured to the wall or to the picture frame Unique lamping configuration eliminates the need for a transformer Package dimensions: 5.511811024"" L x 1.57480315"" W x 5.511811024"" H",15
P Premium Power Products V13H010L33-ER Compatible Projector Lamp,Replaces Epson V13H010L33-ER Brand new high quality compatible replacement bulb manufactured in our ISO 9000 factories Plastic housing engineered to perfectly fit into your projector (may be recycled) Internal safety features protect your device from electrical hazards,25
ActyGo Replaces for Central Pneumatic Harbor Freight Air Compressor Reed Valve Valves STAINLESS,"These are the reed valves as found in fits Central Pneumatic Harbor Freight air compressors as well as Sears Craftsman E100229 and others. They measure approximately 3/8"" x 1 3/4"" You will receive (2) reed valves with your purchase.",45
Franco PAW Patrol Sheet Set Twin,"PAW Patrol Twin Sheet Set. this cozy microfiber sheet set comes with a fitted sheet, flat sheet and pillowcase.",40
eHomeProducts Espresso Finish Coat Rack Hall Tree Purse Jacket,"This espresso finish hall tree coat rack provides ample storage for coats and accessories. Measures 19""W x 19""D x 72""H with simple assembly required. Finish: Espresso Features Six Hooks Made from Rubberwood Dimensions: 19""W x 19""D x 72""H Simple assembly required.",50
Non Slip Wood Protector Disk Rubber Grip Support Table Bench Cookie Sil161,"High friction rubber surfaces and durable core provide a solid grip, preventing projects from slipping while routing, sanding, carving and more. They support the workpiece without leaving marks and raise panels for edge work and finishing. Each cookie is 3"" x 1"". This listing is for 4 cookies, as pictured. Doesn't leave marks. Rubber Grip Support. Table Bench Cookie. Cookie is 3"" x 1"" 4 x Discs/Cookies",20
"1/2"" Stone Mountain Bowl Gouge","Bowl gouges are primarily used in the production of bowls, platters, dishes and other hollow forms produced on the faceplate - normally with the grain running across the blank. Easy to use and control Used for production of bowls, platters, dishes Most hollow forms produced on the faceplate",25
Dynatron R24 2U CPU Cooler Active for Intel Socket 2011 - Narrow ILM,"60x60x28mm PWM Fan, Aluminum Fins with Heatpipe directly Contact CPU for 2U and Up Server, Support CPU Power up to 165 Watts Heat Dissipation. Dynatron R24 2U CPU Cooler Active for Intel Socket 2011 - Narrow ILM",40
"Vickerman Lime Ornament Set, 125 per Box","125 Shatterproof Lime Plastic Ornaments. 3-Finish Matte/Shiny/Glitter. Set of 125 Pieces. Sizes range from 1.5"" to 5.5"" Including 2 6.5' Beaded Garlands. Shatterproof Seamless Plastic Equipped with ornament caps",30
"NORTHLIGHT 60"" Silver Sequin Snowflake with White Faux Fur Border Skirt Christmas Tree Accessories","Enjoy a beautiful Christmas with this gorgeous tree skirt Tree skirt features sparkly, silver, sequin snowflakes, on a mesh overlay Design goes all the way around Closes in the back with a velcro fasteners Care instructions: spot clean only Dimensions: 60"" diameter Material(s): polyester/faux fur Faux Fur,mesh,sequin Sowflake Tree Skirt Spot Clean Only",20
Steel Case for #900 Magnetic Protractor,heavey duty steel case with poweder cat paint finnish MADE IN USA with USA materials and labor steel case for 900 protractor MADE IN USA with USA materials and labor,20
Ganxin Large Professional Flexible Tripod Stand Extendable and Foldable Scoreboard Holder,Ganxin Large professional flexible tripod stand extendable and foldable scoreboard holderSpecifications： Model:tripodA Item Condition:100% New Folded size:68cm Extended size: max.190-200cm Frame Materials: Aluminum alloy Color: black Gross Weight:1KG Warranty:2 months by manufacturer/seller Folded size:68cm Extended size: max.195-200cm Frame Materials: Aluminum alloy,60
HYNIX HMT125U7BFR8C-H9 2GB DDR3 PC10600 240P DIMM,HYNIX HMT125U7BFR8C-H9 PC3-10600E DDR3-1333 2GB ECC 2RX8 HYNIX PART# HMT125U7BFR8C-H9 PC3-10600E DDR3-1333 2GB ECC 2RX8,50
"Urban Shop Tufted Office Chair, Ivory",Tufted Leather effect is contemporary and stylish Sturdy armrests for added comfort Adjustable lever for varying heights Pneumatic Seat Height adjustable office chair Assembly required Weight capacity: 225 lbs.,110
NVX XAD21 2000W RMS 1-OHM Stable Full Bridge Class D High Power Competition Full Range Bridgeable 2-Channel Car Audio MOSFET Amplifier,,40
#30 Tri-Groove Socket,"Drive: 3/8"" Socket Length: 1-7/32""Fits Nut Size: 5/16"", 3/8"" And 8mmFor Use With Tri-Groove FastenersNot For Use With Pneumatic And Electric Impact WrenchesSocket Length May Vary Slightly, Contact To Confirm If Needed Drive: 3/8"" Socket Length: 1-7/32"" Use To Drive 5/16"", 3/8"" And M8 Tri-Groove Nuts",50
Kohler K-T22024-4-BL Kohler K-T22024-4 Tempered Deck Mounted Roman Tub Filler,"This Certified Refurbished product is manufacturer refurbished, shows limited or no wear, and includes all original accessories plus a 90-day limited hardware warranty. Finish: Matte Black Manufactured By: Kohler Faucet Centers: 8 in.",40
"Warehouse of Tiffany CM084/4 Tegan Black & Gold 4 Ceiling Light with Glass Shades Flushmount, Black/Gold",This semi-flush mounted indoor ceiling lamp offers plenty of illumination for your home. The finish combination of black and gold paired with four enclosed clear glass globes makes for a clean and modern fixture. It will showcase your excellent taste for decorating. Lighting Type: Semi-Flush mount Number of Lights: Four (4) Bulb Type: 60-W E12 (not included) Line switch ETL Listed,50
Absolute USA P16-500GR 16 Gauge 500-Feet Spool Primary Power Wire Cable (Green),16 Gauge 500 FT Spool Primary Power Wire Cable Color Green Durable and Flexible for easy installation,40
21st Century Model 138 Fiberglass Kerosene Heater Wick,"21st Century's Fiberglass Kerosene Heater Wicks are made of graphite coated fiberglass, a re-inforced cloth band and the highest quality cotton. Wick Model 138 fits Kero-sun OMNI105 (M,N,R), OMNI 120, OMNI 230 (B) Contact us for a free cross reference chart.. High quality cotton Graphite coated fiberglass Multiple set lines Package Dimension: 11.0"" L x 7.0"" W x 1.0"" H",55
Whirlpool 7403P238-60 Infinite Switch for Range,Works with the following models: Samsung RESF3330DB Samsung RESF3330DW Samsung RESF5330DT 7403P238-60 Genuine Replacement Part,40
"Naiture 36"" Standard Stainless Steel Shower Rod Ceiling Support with 1'' Loop, Brushed Nickel Finish","Material: Stainless Steel 1/4"" thick solid rod. Complete with eye loop and ceiling-mount flange. May be cut to fit ceiling height. Includes mounting hardware.",30
ArtDirect M.C. Escher 2X Matted 24x20 Black Ornate Framed Art Print 'Dragonfly',This is a high quality framed and double matted open edition art print. The frame is a two inch black ornate wood frame. The high quality art print is in stock and framed within a business day of order placement. Your satisfaction is guaranteed. High Quality Large Framed and Double Matted Open Edition Art Print Two Inch Wide Black Ornate Wood Frame In Stock - Framed and Shipped Out within One Business Day Satisfaction Guaranteed Made in the U.S.A.,20
"Jean Dubost 4 Piece Cheese Board Set, Ivory",This Jean Dubost cheese board set is great for slicing and serving all types of cheeses. It's a perfect addition to any party or get together. Abs Handles Stainless Steel Blades Certificate Of Authenticity Color: Ivory This Jean Dubost Cheese Board Set Is Great For Slicing And Serving All Types Of Cheeses. It's A Perfect Addition To Any Party Or Get Together.,45
"Signs 4 Fun SIGJW9 John Wayne-Courage Metal Tin Sign, Brown",John Wayne - Courage Metal Tin Sign Unembossed Tin Built To Last. Great Item To Give as A Gift.,10
Backcountry Access BCA BC Link 2.0 Two-Way FRS Radio + Frogzskin Vent Kit,Includes BCA BC Link 2.0 FRS Two-Way Radio Includes Frogz Skin Speaker & Microphone Vent Kit 22 FRS channels + 121 sub-channels ensures minimal interference Meet all criteria set out by the revised FCC CFR 47 Part 95B,40
"Southwire Company 26977906 Building Wire, 18 Awg/ 1 Cond, Black, 500Ft",Southwire 500 ft. 18 Solid TFN Building Wire Wire Length: 500' Gauge Conductors: 18 Cable or Wire Type: TFN Color: Black uSE FOR Indoor,20
Peony Flower Wreath for Front Door Pink Valentine's Day Wreath Artificial Spring Floral Welcome Wreath Summer Garland for Door Window Wall Wedding Party Office Home Decor,,30
"LAPUDA Beautiful Hand Beading of Wedding Flower Basket with Elegant Appearance and Ivory Color, Clusters of Stars Style (1 Basket)",Basket Color is available in Ivory & White Applique : Clear Rhinestones Basket size: The total height is 8.6 inches. (Including handle height) Basket Color is Ivory Applique : Clear Rhinestones Basket size: The total height is 8.6 inches. (Including handle height),25
Brookstone Wine Chilling Stick,"Chills your wine without watering it down Contoured spout allows for a drip-free pour To prep the stick, simply place it in the freezer for at least 1 hour Keeps wine perfectly chilled and ready to serve Keep your wine chilled and ready to go",80
"Plug-in Transformr, 115V in, 16.5V Out, 20V","Plug-in Transformr,115V In,16.5V Out,20V Country of manufacture: China Door and Cabinet Hinges & Hardware Manufacturer: ALTRONIX",35
"Supermicro E200-9B Pentium N3700 4X Intel LAN Mini Server, 8GB & 120GB mSATA SSD - Configured and Assembled by MITXPC",,150
BQ220220 - Cutler Hammer Circuit Breakers,"2 Pole 20 Amp - 2 Pole 20 Amp Quad Breaker Cutler Hammer Type BQ Quad 2 Pole 20 and 2 Pole 30 2 Pole 20 and 2 Pole 30 10,000 aic @ 120 / 240Volt",40
A&B Home Keyhole Vase,"This ceramic keyhole shape vase, designed by Anthony venetucci, has a ceramic construction. It has a lovely silver color with a metallic finish. The metallic tone gives it a rich appeal and makes it appear like a priceless treasure. It is a wonderful decorative piece for any style of room in your home. Made of ceramic Silver color with metallic finish Anthony venetucci design Perfect for home decor",30
Bommeow Battery Charger Combo for ICOM IC-705 as BP-307 (CB-BICL0307-3350-D),Value Set 1 Charger with 1 Battery Combo Fit ICOM: IC-705 Two Way Radio Model OEM Charger: BC-202 Fit Battery: BP-307 Battery: 7.4 V | 3350 mAh | Li-ion | Densely constructed w/ thick shell casing Maintain high capacity for 12 months from date of shipment.,40
"Hardware House H10-3947 Dakota Outdoor Fixture Post Light, Antique Silver",From the Manufacturer Dakota Series Outdoor Fixture Post Light Antique Silver. 6-3/4-inch by 8-1/2-inch 100-watt light Antique Silver Finish With Seedy Glass Bulbs not included,60
"Valved ""Y"" Connections Model Code: AH - Price is for 1 Each (part# 111)",Oxygen RH Female B-Size. High Quality adapters and connectors for Regulators and gas cylinders. Please take extra consideration to ensure the connector you are purchasing will work with the appropriate gas use. Oxygen RH Female B-Size Outlet: 2 - Oxygen RH Male B-Size Material: Brass Max Pressure: 200 psi Size: CGA-022,20
Lee Double Curtain Rod 66-120 inch - Satin Nickel,"Rod Desyne is pleased to introduce our designer-looking adjustable Lee Double Drapery Rod made with high quality steel pole. This curtain rod will add an elegant statement to any room. Matching single rod Includes two 13/16 inch diameter adjustable poles, extends 66-120 inch, 3 double brackets, and mounting hardware Projection: wall to back rod: 3.75"", wall to front rod: 6.375"" inches Each Lee finial measures W 1-3/8"", H 1-1/16"", D 1-1/16""",30
"DeWalt DW735/DW735X 13"" Planer 4 Pack Replacement Carbon Brush # 5140011-85-4PK",Sold on Amazon,20
"Dagan Wood Basket (DG-13BLK), Black","The Dagan Wood Basket provides a premium carrier to store your firewood. Made from durable steel with a black finish and a filigree body design, this log holder is built to last. Neatly stack your logs in this 3 pound, 21-inch long wood basket. Premium fireplace wood basket Made from durable steel with a black finish Beautiful filigree body design 21-inches long and weighs 3 pounds Manufacturer #: 13BLK",45
Culligan Seal Pack,Culligan Seal Pack. This is a genuine OEM (Original Equipment Manufacturer) part. Use genuine OEM parts for safety reliability and performance. This is a genuine OEM (Original Equipment Manufacturer) part. Use genuine OEM parts for safety reliability and performance.,35
Embraco EMI70HNR Replacement Refrigeration Compressor 1/3 HP R-134A R134A,This is a Brand New EMBRACO Refrigeration Compressor This is a Brand New EMBRACO Refrigeration Compressor 1/3 HP 115V R-134A / R134A / Aftermarket replacement for Embraco # EMI70HNR,60
Essy serum for skin care pink 1 pack 60ML,"Brand sorrento P1419-10 Faux silk fabric Dimension :50"" Decoration High Quality Christams tree skirt style Secure around tree stand with the Velcro 100 % Polyester,faux Silk,sequin Dimensions:50""/Color:silver Faux silk with sequin embroidery to the 100% polyester fabric 100% polyurethane or foam filling High quality with lowest price Can be re-used yesr after year",40
"Silk Shantung Traditional Bell Shaped Lamp Shade, Eggshell color | 16 Inch by UpgradeLAMPS",This beautiful classic shade can update any lamp style you have. Upgradelights traditional silk bell shaped lamp shade is a part of a timeless collection. Perfect for anyone who is looking for a traditional & elegant lampshade. Exterior Fabric: Hand Tailored Silk-Type Shantung Shantung Silk Imported Shade Dimensions in Inches: Top is (8 x 16 x 12) inches Shape & Style: Bell shaped for a Traditional elegant style Polished brass spider fitting. Creme fabric with self trim.,45
"wall26 Canvas Print Wall Art Eagle Insignia Army & Family Flag Pop Culture Cultural Digital Art Modern Art Traditional Colorful for Living Room, Bedroom, Office - 32""x48""","High quality printed artwork stretched to fit on durable and shrink-resistant canvas. Great gift idea for friends and family for holidays or other special occasions. 1.5"" stretcher bars to give artwork a gallery-quality profile. Hanging accessory toolkit included with all artwork. Note: Due to monitor display issues, actual colors may slightly differ from pictures.",20
Teen Wolf Mtv Poster 2ftx3ft,"Teen Wolf Mtv Poster 2ftx3ft,Size: 24inx36in, produced on quality poster paper. Measures 24""x36"" 24 inches x 36 inches Paper poster, Condition: NEW Packaged rolled inside cardboard tube Wall Art for any room",10
Serta Motion Perfect 2.0 (New Black 2020 Version-) Replacement Remote for Adjustable Bed- Does NOT Have 6 PINS,"This is the genuine replacement remote for the Serta Motion Perfect 2.0 Adjustable Base. As of 2018 Serta discontinued the old white color remote and replaced it with the current black remote without a Serta logo. The same remote works for two bases (one from Simmons) so they were able to save on skus at the factory. If your old remote's buttons or the word ""Massage"" are in different places this remote will not be compatible with your base.",35
Head Case Designs Officially Licensed Barruf Gentle Pug Dogs Leather Book Wallet Case Cover Compatible with Samsung Galaxy S21 Ultra 5G,Head Case Designs Officially Licensed Barruf product Handcrafted leather construction Multiple card slots for ID or credit cards Multi-view stand. Ideal for watching movies Magnetic closure system,20
AFC (TM) AFC-EPH-1200-2-12000SKC Water Filter (Comparable to BodyGlove (R) BG-3000R ) Made in U.S.A (1),Micron Rating: 0.5 Microns Flow Rate: 0.5 GPM 1:89 LMP - 2.0 GPM/7.56 LMP Capacity: 12 months or 9000 Gallons Dimensions: 3.4″ Tall X 12.25″ Wide Max Temp: for cold water use only: 100° F (38° C) Max Pressure: 125 PSI,25
"Cosmas 25 Pack 464SN Satin Nickel Leaf Cabinet Hardware Round Knob - 1-1/4"" Inch Diameter","High Quality Satin Nickel Finish Knob Diameter: 1-1/4"" Projection: 1"" Base of Knob Diameter: 5/8"" Individually Polybagged with 1"" Mounting Screws Included",15
"ION TOOL Pry Bar 4 Piece Set, 8-24 inch with Hammer Top","4 Piece Pry Bar Set, comes in the following sizes: 24”, 19”, 13”, 8”. Quality Construction from forged square stock, will not easily bend or twist. Striking Cap designed for hammer striking to power through your project. Premium non-slip handles with attractive two-tone color design. Customer satisfaction guaranteed. US based company with fast and exceptional customer service.",65
"WES CLASSIC ECONOMY, Manufacturer: WES, Part Number: 398004-AD, VPN: 120-0015-AD, Condition: New",,50
Dometic 385311647 Dometic 385311647 Seat and Lid for 310 Series Toilet - Bone,"Dometic ducting attaches easily to duct rings, grilles, and transition boxes and is constructed from a Mylar fabric shell with 1"" thick insulation. 5"" x 25' size. Package Dimensions: 21 L x 5 H x 19 W (inches) Package Weight : 3 pounds Country of Origin : China Part number: 385311647",85
Vickerman 9' Unlit Upside Down Artificial Christmas Tree (A860180),"9' x 102"" unlit Upside Down tree featuring 2420 PVC tips, making this festive tree the perfect addition to any room. 2420 PVC Tips Unlit, 2420 PVC Tips 10 Year Limited Manufacturer 9' x 102""",110
BOYO VTS18HD - Tailgate Door Handle HD Backup Camera for Toyota Tacoma 2005-2014 (Black Door Handle),VTS18HD: Vehicle Specific Toyota Tacoma Tailgate Door-handle Camera Fits Toyota Tacoma 2005~2014;Sony HD CCD;600 TVL horizontal resolution;768(H) x 494(V) pixels; Waterproof IP67;130 degree wide viewing angle;0.1 lux; Reverse Image; Parking lines on/off selectable,50
"Consumable Kit, 30 AMP, for XT30","The consumable kit is for use with XT30 torch. It includes 5 electrodes (249926), 5 tips (249927), 1 swirl ring (249931), 1 retaining cup (249932), 1 O-Ring (249969) and 1 grease pack (252951). Amps: 30 AMP Application: Plasma Cutting For use with: XT30 torch",60
Efergy Elite 4.0 Wireless Electricity Monitor,"Large wireless portable compact display can be placed anywhere in the home DIY - easy, quick and safe installation and Set up Energy monitors are not designed to replace or be as accurate as your supply meter as meters are highly accurate and monitors are a guide Home instant real-time energy consumption readings",50
Grey Pneumatic GY1326M 1/2 Inch Drive 26 Pieces Standard Lenght Metric Master Set,"High quality chro-moly alloy steel. GP High Torque Drive Socket design for increased strength with reduced chance of fastener rounding. .Comes in a molded case. Molded cases feature removable top for use as a toolbox tray. Set Includes: (1/2"" Drive; 6 Points): 10mm Thru 36mm Standard Length Impact Sockets.",65